{"spTime":10956,"spRUs":7433.429999999999,"directTime":70101,"directRUs":5715.399999999996}